id;comment;created_at;updated_at
1;payment Hawaii Health;2022-08-18T17:04:08;2022-08-19T09:40:54
2;circuit Lead THX;2022-08-19T07:26:53;2022-08-19T04:41:55
3;1080p programming;2022-08-19T02:14:58;2022-08-19T00:24:14
4;COM;2022-08-19T05:50:56;2022-08-19T03:00:14
5;green Manager indigo;2022-08-18T20:23:02;2022-08-18T21:28:44
6;system Plastic Tanzanian;2022-08-18T21:01:29;2022-08-18T19:12:22
7;morph killer;2022-08-18T21:01:34;2022-08-19T08:04:55
8;e-business Garden;2022-08-18T17:26:23;2022-08-18T14:42:29
9;Data Human synthesize;2022-08-19T13:22:58;2022-08-18T14:25:05
10;Senior Creek;2022-08-18T22:26:59;2022-08-19T04:02:35
